"species","rangeSize100","rangeSize0","GCM"
"Acanthocalycium leucanthum",910053,819802,"MPI-ESM1-2-HR"
"Acanthocalycium rhodotrichum",753633,626113,"UKESM1-0-LL"
"Acanthocalycium thionanthum",19882,6761,"MPI-ESM1-2-HR"
"Acanthocereus oaxacensis",16580,10753,"GFDL-ESM4"
"Acanthocereus tetragonus",2554083,2453827,"GFDL-ESM4"
"Acharagma roseanum",18993,9075,"GFDL-ESM4"
"Airampoa ayrampo",754480,680763,"UKESM1-0-LL"
"Aporocactus flagelliformis",54623,48337,"UKESM1-0-LL"
"Aporocactus martianus",27303,14345,"UKESM1-0-LL"
"Ariocarpus fissuratus",345368,256418,"GFDL-ESM4"
"Ariocarpus retusus",160494,105260,"UKESM1-0-LL"
"Armatocereus cartwrightianus",87770,63458,"UKESM1-0-LL"
"Armatocereus godingianus",44536,18400,"UKESM1-0-LL"
"Armatocereus laetus",42231,31893,"MPI-ESM1-2-HR"
"Armatocereus matucanensis",200955,167498,"MPI-ESM1-2-HR"
"Arrojadoa dinae",70472,45837,"MPI-ESM1-2-HR"
"Arrojadoa penicillata",288005,258042,"GFDL-ESM4"
"Arrojadoa rhodantha",540900,471365,"GFDL-ESM4"
"Arthrocereus glaziovii",28173,8976,"UKESM1-0-LL"
"Astrophytum asterias",70009,34743,"UKESM1-0-LL"
"Astrophytum capricorne",80838,42516,"GFDL-ESM4"
"Astrophytum myriostigma",114086,88536,"UKESM1-0-LL"
"Astrophytum ornatum",46053,19429,"GFDL-ESM4"
"Austrocactus coxii",160060,83932,"GFDL-ESM4"
"Austrocylindropuntia cylindrica",125746,100048,"MPI-ESM1-2-HR"
"Austrocylindropuntia exaltata",225045,181643,"UKESM1-0-LL"
"Austrocylindropuntia floccosa",410377,378424,"UKESM1-0-LL"
"Austrocylindropuntia shaferi",197242,156974,"MPI-ESM1-2-HR"
"Austrocylindropuntia subulata",841341,775049,"UKESM1-0-LL"
"Austrocylindropuntia vestita",286823,233568,"MPI-ESM1-2-HR"
"Aylostera deminuta",161064,125255,"UKESM1-0-LL"
"Aylostera pygmaea",194268,128085,"UKESM1-0-LL"
"Bergerocactus emoryi",22760,14277,"GFDL-ESM4"
"Borzicactus acanthurus",31502,21501,"MPI-ESM1-2-HR"
"Borzicactus icosagonus",41877,8147,"GFDL-ESM4"
"Borzicactus sepium",35467,19098,"GFDL-ESM4"
"Brasiliopuntia brasiliensis",7875928,7786346,"GFDL-ESM4"
"Browningia altissima",49089,23693,"UKESM1-0-LL"
"Cactus coquimbanus",24701,5842,"UKESM1-0-LL"
"Carnegiea gigantea",299635,279520,"MPI-ESM1-2-HR"
"Cephalocereus apicicephalium",67426,58278,"GFDL-ESM4"
"Cephalocereus columna-trajani",21129,5094,"MPI-ESM1-2-HR"
"Cephalocereus mezcalaensis",94451,41260,"UKESM1-0-LL"
"Cephalocereus nudus",199307,160449,"UKESM1-0-LL"
"Cephalocereus polylophus",24041,10857,"GFDL-ESM4"
"Cephalocereus scoparius",35191,23453,"GFDL-ESM4"
"Cephalocereus senilis",25218,3465,"MPI-ESM1-2-HR"
"Cephalocereus tetetzo",74849,43867,"GFDL-ESM4"
"Cephalocereus totolapensis",13543,5310,"GFDL-ESM4"
"Cereus fernambucensis",923376,914946,"UKESM1-0-LL"
"Cereus fricii",264397,216825,"UKESM1-0-LL"
"Cereus hankeanus",594380,531299,"UKESM1-0-LL"
"Cereus hexagonus",1872488,1806062,"UKESM1-0-LL"
"Cereus hildmannianus",2352994,2301078,"GFDL-ESM4"
"Cereus jamacaru",1666551,1652591,"UKESM1-0-LL"
"Cereus repandus",253583,190905,"MPI-ESM1-2-HR"
"Cereus vargasianus",76924,33004,"MPI-ESM1-2-HR"
"Cipocereus minensis",100667,51111,"UKESM1-0-LL"
"Cleistocactus buchtienii",56613,34434,"GFDL-ESM4"
"Cleistocactus candelilla",29313,10528,"UKESM1-0-LL"
"Cleistocactus hyalacanthus",101482,42834,"GFDL-ESM4"
"Cleistocactus parviflorus",87312,65242,"UKESM1-0-LL"
"Cleistocactus smaragdiflorus",129393,88858,"MPI-ESM1-2-HR"
"Cleistocactus tominensis",105056,44306,"UKESM1-0-LL"
"Cochemiea albicans",20650,11244,"GFDL-ESM4"
"Cochemiea armillata",9758,8847,"UKESM1-0-LL"
"Cochemiea barbata",208913,175260,"UKESM1-0-LL"
"Cochemiea blossfeldiana",40342,32132,"MPI-ESM1-2-HR"
"Cochemiea capensis",9146,8049,"UKESM1-0-LL"
"Cochemiea conoidea",484089,399296,"MPI-ESM1-2-HR"
"Cochemiea dioica",187372,163075,"UKESM1-0-LL"
"Cochemiea fraileana",3698,1963,"MPI-ESM1-2-HR"
"Cochemiea grahamii",569770,523962,"UKESM1-0-LL"
"Cochemiea hutchisoniana",84241,69390,"GFDL-ESM4"
"Cochemiea mainiae",65729,51146,"UKESM1-0-LL"
"Cochemiea phitauiana",5371,5153,"UKESM1-0-LL"
"Cochemiea poselgeri",39756,36030,"MPI-ESM1-2-HR"
"Cochemiea schumannii",8784,7487,"GFDL-ESM4"
"Cochemiea tetrancistra",266582,237017,"UKESM1-0-LL"
"Coleocephalocereus aureus",33346,8611,"MPI-ESM1-2-HR"
"Coleocephalocereus goebelianus",86476,61004,"MPI-ESM1-2-HR"
"Consolea moniliformis",49925,41895,"UKESM1-0-LL"
"Copiapoa atacamensis",3752,1427,"UKESM1-0-LL"
"Copiapoa cinerea",7049,2141,"GFDL-ESM4"
"Copiapoa coquimbana",33663,24154,"MPI-ESM1-2-HR"
"Copiapoa echinoides",12030,2739,"MPI-ESM1-2-HR"
"Copiapoa humilis",8660,4339,"UKESM1-0-LL"
"Corryocactus aureus",26861,9875,"MPI-ESM1-2-HR"
"Corryocactus brevistylus",424207,334088,"MPI-ESM1-2-HR"
"Corryocactus erectus",28862,4825,"GFDL-ESM4"
"Corryocactus melanotrichus",107143,75232,"MPI-ESM1-2-HR"
"Coryphantha bumamma",105173,73012,"UKESM1-0-LL"
"Coryphantha clavata",80262,53177,"MPI-ESM1-2-HR"
"Coryphantha compacta",529396,465445,"MPI-ESM1-2-HR"
"Coryphantha cornifera",177160,118039,"MPI-ESM1-2-HR"
"Coryphantha delaetiana",237308,192757,"GFDL-ESM4"
"Coryphantha delicata",272147,225047,"MPI-ESM1-2-HR"
"Coryphantha difficilis",43194,25634,"GFDL-ESM4"
"Coryphantha durangensis",50695,20615,"UKESM1-0-LL"
"Coryphantha echinoidea",66458,39906,"UKESM1-0-LL"
"Coryphantha echinus",371063,299564,"GFDL-ESM4"
"Coryphantha elephantidens",203321,170783,"GFDL-ESM4"
"Coryphantha erecta",66527,29148,"MPI-ESM1-2-HR"
"Coryphantha georgii",37679,21240,"MPI-ESM1-2-HR"
"Coryphantha glanduligera",68042,36891,"GFDL-ESM4"
"Coryphantha glassii",21419,6862,"MPI-ESM1-2-HR"
"Coryphantha hintoniorum",13629,8468,"UKESM1-0-LL"
"Coryphantha neglecta",50188,24357,"UKESM1-0-LL"
"Coryphantha nickelsiae",49819,22225,"GFDL-ESM4"
"Coryphantha octacantha",60412,32474,"UKESM1-0-LL"
"Coryphantha ottonis",271664,230883,"GFDL-ESM4"
"Coryphantha pallida",36604,18152,"UKESM1-0-LL"
"Coryphantha poselgeriana",410611,342197,"GFDL-ESM4"
"Coryphantha pseudoechinus",43001,21618,"GFDL-ESM4"
"Coryphantha pseudonickelsiae",69449,38312,"UKESM1-0-LL"
"Coryphantha pycnacantha",95448,68356,"UKESM1-0-LL"
"Coryphantha ramillosa",96240,42542,"MPI-ESM1-2-HR"
"Coryphantha recurvata",210216,164625,"MPI-ESM1-2-HR"
"Coryphantha retusa",61213,37371,"UKESM1-0-LL"
"Coryphantha robustispina",509954,403767,"MPI-ESM1-2-HR"
"Coryphantha salinensis",23856,14243,"GFDL-ESM4"
"Coryphantha sulcata",217153,168119,"GFDL-ESM4"
"Cumulopuntia boliviana",657692,564021,"UKESM1-0-LL"
"Cumulopuntia corotilla",56407,38347,"MPI-ESM1-2-HR"
"Cumulopuntia glomerata",150672,132671,"UKESM1-0-LL"
"Cumulopuntia leucophaea",315212,269508,"MPI-ESM1-2-HR"
"Cumulopuntia sphaerica",394981,375991,"GFDL-ESM4"
"Cylindropuntia acanthocarpa",395044,363633,"GFDL-ESM4"
"Cylindropuntia anteojoensis",21594,8424,"GFDL-ESM4"
"Cylindropuntia arbuscula",251235,217330,"MPI-ESM1-2-HR"
"Cylindropuntia bernardina",66793,39715,"GFDL-ESM4"
"Cylindropuntia bigelovii",408276,359806,"MPI-ESM1-2-HR"
"Cylindropuntia californica",88939,68572,"MPI-ESM1-2-HR"
"Cylindropuntia calmalliana",45111,34844,"UKESM1-0-LL"
"Cylindropuntia caribaea",15435,11378,"UKESM1-0-LL"
"Cylindropuntia cholla",135845,131252,"MPI-ESM1-2-HR"
"Cylindropuntia chuckwallensis",31824,5669,"UKESM1-0-LL"
"Cylindropuntia echinocarpa",478056,375484,"MPI-ESM1-2-HR"
"Cylindropuntia fulgida",713698,678054,"UKESM1-0-LL"
"Cylindropuntia ganderi",92018,76103,"MPI-ESM1-2-HR"
"Cylindropuntia imbricata",2160912,2126097,"GFDL-ESM4"
"Cylindropuntia kleiniae",1460831,1400061,"GFDL-ESM4"
"Cylindropuntia leptocaulis",1757239,1646041,"MPI-ESM1-2-HR"
"Cylindropuntia lindsayi",94768,85352,"MPI-ESM1-2-HR"
"Cylindropuntia molesta",97748,80805,"GFDL-ESM4"
"Cylindropuntia multigeniculata",61652,41874,"GFDL-ESM4"
"Cylindropuntia munzii",70040,45594,"MPI-ESM1-2-HR"
"Cylindropuntia prolifera",33741,23573,"UKESM1-0-LL"
"Cylindropuntia ramosissima",215653,202454,"MPI-ESM1-2-HR"
"Cylindropuntia tesajo",73729,41221,"UKESM1-0-LL"
"Cylindropuntia thurberi",331798,273002,"MPI-ESM1-2-HR"
"Cylindropuntia tunicata",220427,198221,"GFDL-ESM4"
"Cylindropuntia whipplei",416562,355104,"GFDL-ESM4"
"Cylindropuntia wolfii",29607,9402,"MPI-ESM1-2-HR"
"Cylindropuntia x antoniae",139318,112686,"MPI-ESM1-2-HR"
"Cylindropuntia x parryi",30765,18100,"UKESM1-0-LL"
"Deamia testudo",503818,468191,"MPI-ESM1-2-HR"
"Discocactus placentiformis",52134,30065,"UKESM1-0-LL"
"Disocactus anguliger",101352,76293,"UKESM1-0-LL"
"Disocactus aurantiacus",2135,1210,"UKESM1-0-LL"
"Disocactus crenatus",411167,379422,"UKESM1-0-LL"
"Disocactus nelsonii",81390,41803,"UKESM1-0-LL"
"Disocactus speciosus",267938,248984,"GFDL-ESM4"
"Echinocactus horizonthalonius",899002,750247,"UKESM1-0-LL"
"Echinocactus platyacanthus",321240,301359,"GFDL-ESM4"
"Echinocereus acifer",204798,161920,"MPI-ESM1-2-HR"
"Echinocereus arizonicus",229805,165633,"GFDL-ESM4"
"Echinocereus bonkerae",76502,42207,"UKESM1-0-LL"
"Echinocereus brandegeei",54501,45882,"GFDL-ESM4"
"Echinocereus chloranthus",206303,129164,"MPI-ESM1-2-HR"
"Echinocereus cinerascens",136382,91436,"GFDL-ESM4"
"Echinocereus dasyacanthus",409754,363914,"MPI-ESM1-2-HR"
"Echinocereus enneacanthus",782353,726503,"GFDL-ESM4"
"Echinocereus ferreiranus",31460,20698,"MPI-ESM1-2-HR"
"Echinocereus huitcholensis",71028,49065,"MPI-ESM1-2-HR"
"Echinocereus knippelianus",9412,6571,"UKESM1-0-LL"
"Echinocereus longisetus",68552,44474,"MPI-ESM1-2-HR"
"Echinocereus maritimus",50258,46051,"GFDL-ESM4"
"Echinocereus nicholii",117395,67958,"UKESM1-0-LL"
"Echinocereus occidentalis",130539,76278,"MPI-ESM1-2-HR"
"Echinocereus pacificus",6490,4028,"GFDL-ESM4"
"Echinocereus palmeri",25164,21235,"UKESM1-0-LL"
"Echinocereus papillosus",33493,9530,"UKESM1-0-LL"
"Echinocereus parkeri",87388,54709,"MPI-ESM1-2-HR"
"Echinocereus pectinatus",822036,744079,"GFDL-ESM4"
"Echinocereus pentalophus",349443,328310,"MPI-ESM1-2-HR"
"Echinocereus polyacanthus",317614,255816,"MPI-ESM1-2-HR"
"Echinocereus poselgeri",136575,98905,"UKESM1-0-LL"
"Echinocereus pseudopectinatus",34038,19726,"UKESM1-0-LL"
"Echinocereus relictus",15382,1368,"MPI-ESM1-2-HR"
"Echinocereus rigidissimus",154724,105582,"GFDL-ESM4"
"Echinocereus russanthus",34479,17054,"GFDL-ESM4"
"Echinocereus salm-dyckianus",55935,41634,"UKESM1-0-LL"
"Echinocereus santaritensis",185726,125944,"MPI-ESM1-2-HR"
"Echinocereus scheeri",34251,15657,"UKESM1-0-LL"
"Echinocereus stolonifer",76275,35330,"MPI-ESM1-2-HR"
"Echinocereus stramineus",608085,490354,"MPI-ESM1-2-HR"
"Echinocereus triglochidiatus",931835,838220,"UKESM1-0-LL"
"Echinocereus viereckii",79462,43414,"MPI-ESM1-2-HR"
"Echinocereus viridiflorus",610588,528473,"GFDL-ESM4"
"Echinocereus weinbergii",33841,12962,"GFDL-ESM4"
"Echinopsis aurea",202055,123716,"GFDL-ESM4"
"Echinopsis haematantha",27636,17923,"UKESM1-0-LL"
"Epiphyllum cartagense",30784,22341,"GFDL-ESM4"
"Epiphyllum thomasianum",299674,256366,"GFDL-ESM4"
"Epithelantha greggii",81848,41454,"UKESM1-0-LL"
"Epithelantha ilariae",36382,16053,"MPI-ESM1-2-HR"
"Epithelantha micromeris",495530,401714,"GFDL-ESM4"
"Epithelantha pachyrhiza",35730,19254,"MPI-ESM1-2-HR"
"Epithelantha spinosior",9525,5354,"GFDL-ESM4"
"Eriosyce aurata",104604,74743,"UKESM1-0-LL"
"Eriosyce castanea",83762,34625,"MPI-ESM1-2-HR"
"Eriosyce curvispina",90587,64051,"UKESM1-0-LL"
"Eriosyce eriosyzoides",129806,66530,"GFDL-ESM4"
"Eriosyce heinrichiana",50234,25637,"MPI-ESM1-2-HR"
"Eriosyce islayensis",79628,56351,"UKESM1-0-LL"
"Eriosyce kunzei",112446,58252,"GFDL-ESM4"
"Eriosyce limariensis",17324,13728,"UKESM1-0-LL"
"Eriosyce nigrihorrida",10750,4505,"MPI-ESM1-2-HR"
"Eriosyce odieri",18851,3519,"MPI-ESM1-2-HR"
"Eriosyce paucicostata",185918,150402,"MPI-ESM1-2-HR"
"Eriosyce rodentiophila",5784,3315,"UKESM1-0-LL"
"Eriosyce senilis",35690,18167,"GFDL-ESM4"
"Eriosyce simulans",79484,56522,"MPI-ESM1-2-HR"
"Eriosyce strausiana",182527,108912,"MPI-ESM1-2-HR"
"Eriosyce subgibbosa",89665,41769,"UKESM1-0-LL"
"Eriosyce taltalensis",175414,111802,"GFDL-ESM4"
"Eriosyce villosa",103528,51267,"MPI-ESM1-2-HR"
"Eriosyce wagenknechtii",106958,52395,"GFDL-ESM4"
"Espostoa lanata",187823,143367,"MPI-ESM1-2-HR"
"Eulychnia acida",64774,41630,"GFDL-ESM4"
"Eulychnia breviflora",178182,95710,"MPI-ESM1-2-HR"
"Eulychnia iquiquensis",106106,71904,"UKESM1-0-LL"
"Facheiroa squamosa",397477,311749,"MPI-ESM1-2-HR"
"Ferocactus acanthodes",350579,327886,"UKESM1-0-LL"
"Ferocactus alamosanus",252910,206037,"GFDL-ESM4"
"Ferocactus chrysacanthus",17920,13504,"GFDL-ESM4"
"Ferocactus echidne",179720,114261,"GFDL-ESM4"
"Ferocactus emoryi",270038,158804,"GFDL-ESM4"
"Ferocactus flavovirens",15993,4736,"UKESM1-0-LL"
"Ferocactus fordii",45147,28119,"UKESM1-0-LL"
"Ferocactus glaucescens",138946,83242,"GFDL-ESM4"
"Ferocactus gracilis",80155,68426,"MPI-ESM1-2-HR"
"Ferocactus herrerae",104701,82932,"GFDL-ESM4"
"Ferocactus histrix",230304,198041,"GFDL-ESM4"
"Ferocactus macrodiscus",163839,127999,"GFDL-ESM4"
"Ferocactus pilifer",217220,171916,"MPI-ESM1-2-HR"
"Ferocactus pottsii",41801,16746,"MPI-ESM1-2-HR"
"Ferocactus recurvus",302377,264469,"UKESM1-0-LL"
"Ferocactus robustus",12971,4763,"MPI-ESM1-2-HR"
"Ferocactus townsendianus",32139,30395,"UKESM1-0-LL"
"Ferocactus viridescens",31715,20215,"GFDL-ESM4"
"Ferocactus wislizeni",421841,410590,"GFDL-ESM4"
"Frailea pygmaea",226444,181456,"GFDL-ESM4"
"Grusonia aggeria",17982,5124,"GFDL-ESM4"
"Grusonia bradtiana",60448,46032,"GFDL-ESM4"
"Grusonia clavata",75244,47161,"GFDL-ESM4"
"Grusonia emoryi",114206,95161,"GFDL-ESM4"
"Grusonia kunzei",117348,93565,"GFDL-ESM4"
"Grusonia parishii",179546,112906,"GFDL-ESM4"
"Grusonia vilis",87691,55787,"GFDL-ESM4"
"Grusonia wrightiana",120924,91123,"GFDL-ESM4"
"Gymnocalycium capillense",27107,9548,"MPI-ESM1-2-HR"
"Gymnocalycium monvillei",73067,40690,"UKESM1-0-LL"
"Gymnocalycium pflanzii",154452,87980,"UKESM1-0-LL"
"Gymnocalycium saglionis",220722,132917,"GFDL-ESM4"
"Gymnocalycium schroederianum",217803,130955,"GFDL-ESM4"
"Gymnocalycium spegazzinii",41144,10765,"MPI-ESM1-2-HR"
"Haageocereus acranthus",37317,24902,"MPI-ESM1-2-HR"
"Haageocereus chilensis",454286,271027,"GFDL-ESM4"
"Haageocereus decumbens",6805,5854,"GFDL-ESM4"
"Haageocereus kagenekii",37612,26072,"GFDL-ESM4"
"Haageocereus platinospinus",17049,7890,"MPI-ESM1-2-HR"
"Harrisia bonplandii",1230679,1188196,"MPI-ESM1-2-HR"
"Harrisia martinii",462900,430752,"MPI-ESM1-2-HR"
"Harrisia tetracantha",100672,70566,"GFDL-ESM4"
"Harrisia tortuosa",225017,130917,"UKESM1-0-LL"
"Hatiora salicornioides",385501,339791,"MPI-ESM1-2-HR"
"Homalocephala polycephala",366370,266052,"MPI-ESM1-2-HR"
"Homalocephala texensis",716051,697421,"GFDL-ESM4"
"Isolatocereus dumortieri",320172,276039,"GFDL-ESM4"
"Kimnachia ramulosa",1594463,1504149,"MPI-ESM1-2-HR"
"Leocereus bahiensis",274354,206548,"UKESM1-0-LL"
"Lepismium cruciforme",1508364,1471286,"GFDL-ESM4"
"Lepismium houlletianum",485610,436708,"UKESM1-0-LL"
"Lepismium lorentzianum",133564,51518,"GFDL-ESM4"
"Lepismium lumbricoides",1498726,1429271,"UKESM1-0-LL"
"Leucostele atacamensis",311876,284146,"GFDL-ESM4"
"Leucostele chiloensis",85319,63852,"UKESM1-0-LL"
"Leucostele deserticola",172176,119521,"MPI-ESM1-2-HR"
"Leucostele litoralis",40369,16740,"MPI-ESM1-2-HR"
"Leucostele nigripilis",20957,9874,"MPI-ESM1-2-HR"
"Leucostele skottsbergii",0,0,"UKESM1-0-LL"
"Leucostele terscheckii",292748,260634,"MPI-ESM1-2-HR"
"Leucostele werdermanniana",70940,30310,"MPI-ESM1-2-HR"
"Leuenbergeria lychnidiflora",86998,63092,"GFDL-ESM4"
"Lobivia ancistrophora",94407,60726,"UKESM1-0-LL"
"Lobivia arachnacantha",18396,6399,"GFDL-ESM4"
"Lobivia bridgesii",131504,96015,"MPI-ESM1-2-HR"
"Lobivia chrysochete",42490,19369,"GFDL-ESM4"
"Lobivia cinnabarina",0,0,"UKESM1-0-LL"
"Lobivia ferox",207882,177001,"GFDL-ESM4"
"Lobivia hertrichiana",27743,4405,"MPI-ESM1-2-HR"
"Lobivia lateritia",41498,10840,"MPI-ESM1-2-HR"
"Lobivia mamillosa",49886,17651,"UKESM1-0-LL"
"Lobivia maximiliana",204385,174517,"UKESM1-0-LL"
"Lobivia obrepanda",166497,130454,"UKESM1-0-LL"
"Lobivia pampana",37610,16260,"MPI-ESM1-2-HR"
"Lobivia pamparuizii",29481,14499,"GFDL-ESM4"
"Lophocereus schottii",261358,240043,"MPI-ESM1-2-HR"
"Lophophora diffusa",6375,1993,"UKESM1-0-LL"
"Lophophora williamsii",420153,377469,"GFDL-ESM4"
"Maihuenia poeppigii",70941,62417,"GFDL-ESM4"
"Maihueniopsis camachoi",97391,58985,"MPI-ESM1-2-HR"
"Maihueniopsis darwinii",693457,565750,"GFDL-ESM4"
"Maihueniopsis molfinoi",107529,74029,"GFDL-ESM4"
"Maihueniopsis platyacantha",31924,19516,"GFDL-ESM4"
"Mammillaria albilanata",299990,247411,"UKESM1-0-LL"
"Mammillaria beneckei",215308,202200,"GFDL-ESM4"
"Mammillaria bocasana",19488,6974,"MPI-ESM1-2-HR"
"Mammillaria bocensis",98454,70193,"GFDL-ESM4"
"Mammillaria bombycina",27989,10266,"UKESM1-0-LL"
"Mammillaria brandegeei",59158,45068,"GFDL-ESM4"
"Mammillaria candida",253925,199054,"GFDL-ESM4"
"Mammillaria carnea",58569,16077,"MPI-ESM1-2-HR"
"Mammillaria compressa",166180,91735,"GFDL-ESM4"
"Mammillaria crinita",128120,87059,"MPI-ESM1-2-HR"
"Mammillaria decipiens",30198,22651,"MPI-ESM1-2-HR"
"Mammillaria densispina",181533,110022,"MPI-ESM1-2-HR"
"Mammillaria discolor",90786,57892,"UKESM1-0-LL"
"Mammillaria dixanthocentron",34091,10714,"UKESM1-0-LL"
"Mammillaria elongata",31805,11467,"GFDL-ESM4"
"Mammillaria flavicentra",25179,4381,"MPI-ESM1-2-HR"
"Mammillaria formosa",221517,200625,"MPI-ESM1-2-HR"
"Mammillaria geminispina",125285,65081,"MPI-ESM1-2-HR"
"Mammillaria gigantea",43122,18845,"MPI-ESM1-2-HR"
"Mammillaria glassii",47535,20785,"UKESM1-0-LL"
"Mammillaria grusonii",102901,58447,"UKESM1-0-LL"
"Mammillaria haageana",153352,94267,"UKESM1-0-LL"
"Mammillaria hahniana",11326,4474,"MPI-ESM1-2-HR"
"Mammillaria jaliscana",159021,96194,"GFDL-ESM4"
"Mammillaria karwinskiana",464089,427306,"UKESM1-0-LL"
"Mammillaria kraehenbuehlii",33872,6515,"GFDL-ESM4"
"Mammillaria longimamma",41477,18105,"UKESM1-0-LL"
"Mammillaria magnimamma",393019,336070,"MPI-ESM1-2-HR"
"Mammillaria melanocentra",69772,33533,"UKESM1-0-LL"
"Mammillaria mercadensis",86492,61622,"UKESM1-0-LL"
"Mammillaria muehlenpfordtii",20714,12789,"MPI-ESM1-2-HR"
"Mammillaria mystax",59456,19953,"MPI-ESM1-2-HR"
"Mammillaria orcuttii",18242,4770,"GFDL-ESM4"
"Mammillaria parkinsonii",26222,4279,"UKESM1-0-LL"
"Mammillaria pectinifera",25058,5457,"UKESM1-0-LL"
"Mammillaria perbella",11475,7112,"UKESM1-0-LL"
"Mammillaria petrophila",8765,6539,"GFDL-ESM4"
"Mammillaria picta",58294,24258,"UKESM1-0-LL"
"Mammillaria pilispina",93158,50137,"UKESM1-0-LL"
"Mammillaria plumosa",15690,4685,"GFDL-ESM4"
"Mammillaria polyedra",33246,16338,"UKESM1-0-LL"
"Mammillaria polythele",110333,71409,"UKESM1-0-LL"
"Mammillaria pottsii",331912,267279,"UKESM1-0-LL"
"Mammillaria rekoi",10511,2787,"MPI-ESM1-2-HR"
"Mammillaria rettigiana",94611,48077,"GFDL-ESM4"
"Mammillaria rhodantha",203263,152100,"UKESM1-0-LL"
"Mammillaria schiedeana",46317,28916,"GFDL-ESM4"
"Mammillaria scrippsiana",118256,86104,"UKESM1-0-LL"
"Mammillaria senilis",126136,90369,"GFDL-ESM4"
"Mammillaria sphacelata",26935,7377,"GFDL-ESM4"
"Mammillaria sphaerica",212598,163159,"UKESM1-0-LL"
"Mammillaria standleyi",116952,80354,"GFDL-ESM4"
"Mammillaria supertexta",16544,3521,"MPI-ESM1-2-HR"
"Mammillaria uncinata",375205,319154,"MPI-ESM1-2-HR"
"Mammillaria vetula",43114,12956,"UKESM1-0-LL"
"Mammillaria winterae",62348,29151,"GFDL-ESM4"
"Matucana haynei",113468,92149,"GFDL-ESM4"
"Melocactus bahiensis",563456,463731,"UKESM1-0-LL"
"Melocactus concinnus",214902,196902,"UKESM1-0-LL"
"Melocactus ernestii",570075,482624,"GFDL-ESM4"
"Melocactus levitestatus",140351,67579,"UKESM1-0-LL"
"Melocactus paucispinus",54754,43080,"MPI-ESM1-2-HR"
"Melocactus peruvianus",178441,162144,"GFDL-ESM4"
"Melocactus salvadorensis",145026,93540,"GFDL-ESM4"
"Melocactus violaceus",412912,368392,"UKESM1-0-LL"
"Melocactus zehntneri",711117,667322,"UKESM1-0-LL"
"Micranthocereus albicephalus",26695,18059,"GFDL-ESM4"
"Micranthocereus purpureus",73266,54670,"GFDL-ESM4"
"Micropuntia pulchella",196960,133957,"MPI-ESM1-2-HR"
"Mila caespitosa",38813,23760,"MPI-ESM1-2-HR"
"Miqueliopuntia miquelii",168175,77174,"MPI-ESM1-2-HR"
"Myrtillocactus cochal",67669,57205,"MPI-ESM1-2-HR"
"Myrtillocactus geometrizans",442887,407853,"UKESM1-0-LL"
"Myrtillocactus schenckii",69831,32860,"UKESM1-0-LL"
"Neoraimondia arequipensis",307179,289962,"MPI-ESM1-2-HR"
"Neoraimondia herzogiana",157292,95236,"MPI-ESM1-2-HR"
"Nyctocereus serpentinus",489865,472156,"MPI-ESM1-2-HR"
"Opuntia arechavaletae",54527,30719,"GFDL-ESM4"
"Opuntia arenaria",25837,10181,"UKESM1-0-LL"
"Opuntia atrispina",113874,49101,"MPI-ESM1-2-HR"
"Opuntia aurea",46331,25622,"GFDL-ESM4"
"Opuntia austrina",78084,66633,"UKESM1-0-LL"
"Opuntia azurea",384083,281245,"GFDL-ESM4"
"Opuntia basilaris",419310,373375,"MPI-ESM1-2-HR"
"Opuntia bravoana",7996,6690,"GFDL-ESM4"
"Opuntia caboensis",7550,4430,"GFDL-ESM4"
"Opuntia caracassana",321562,303218,"GFDL-ESM4"
"Opuntia chlorotica",733094,650768,"UKESM1-0-LL"
"Opuntia comonduensis",30871,29531,"MPI-ESM1-2-HR"
"Opuntia cuija",256683,214668,"MPI-ESM1-2-HR"
"Opuntia curvispina",135254,66858,"UKESM1-0-LL"
"Opuntia decumbens",900042,845703,"MPI-ESM1-2-HR"
"Opuntia depressa",61491,39215,"UKESM1-0-LL"
"Opuntia drummondii",559426,515488,"GFDL-ESM4"
"Opuntia elata",1661387,1586415,"MPI-ESM1-2-HR"
"Opuntia elatior",252392,198432,"GFDL-ESM4"
"Opuntia feracantha",87264,51059,"GFDL-ESM4"
"Opuntia fuliginosa",337964,291672,"MPI-ESM1-2-HR"
"Opuntia guatemalensis",73794,56642,"GFDL-ESM4"
"Opuntia huajuapensis",79820,47320,"MPI-ESM1-2-HR"
"Opuntia humifusa",2367053,2358335,"MPI-ESM1-2-HR"
"Opuntia hyptiacantha",399712,366304,"GFDL-ESM4"
"Opuntia inaperta",43315,29518,"MPI-ESM1-2-HR"
"Opuntia lasiacantha",534009,455256,"UKESM1-0-LL"
"Opuntia leucotricha",584269,550929,"MPI-ESM1-2-HR"
"Opuntia littoralis",65953,49439,"MPI-ESM1-2-HR"
"Opuntia macrocentra",1306154,1221537,"MPI-ESM1-2-HR"
"Opuntia macrorhiza",3592016,3567501,"UKESM1-0-LL"
"Opuntia megacantha",329127,283457,"GFDL-ESM4"
"Opuntia megarrhiza",15100,9475,"GFDL-ESM4"
"Opuntia mesacantha",705590,671020,"GFDL-ESM4"
"Opuntia microdasys",366154,302195,"MPI-ESM1-2-HR"
"Opuntia monacantha",1937868,1904530,"GFDL-ESM4"
"Opuntia orbiculata",1422980,1323635,"GFDL-ESM4"
"Opuntia oricola",62925,33121,"MPI-ESM1-2-HR"
"Opuntia parviclada",28424,8642,"MPI-ESM1-2-HR"
"Opuntia pilifera",65844,42627,"UKESM1-0-LL"
"Opuntia pinkavae",41124,13695,"GFDL-ESM4"
"Opuntia polyacantha",2826365,2797849,"GFDL-ESM4"
"Opuntia puberula",565738,528573,"GFDL-ESM4"
"Opuntia pubescens",1758926,1686846,"UKESM1-0-LL"
"Opuntia pumila",57702,25162,"GFDL-ESM4"
"Opuntia rastrera",382336,295419,"MPI-ESM1-2-HR"
"Opuntia rioplatensis",242683,176376,"UKESM1-0-LL"
"Opuntia robusta",513544,490073,"MPI-ESM1-2-HR"
"Opuntia rufida",374809,313870,"GFDL-ESM4"
"Opuntia santa-rita",170687,120399,"MPI-ESM1-2-HR"
"Opuntia soederstromiana",53751,33848,"UKESM1-0-LL"
"Opuntia spinulifera",146728,100020,"UKESM1-0-LL"
"Opuntia stenopetala",249466,198929,"UKESM1-0-LL"
"Opuntia streptacantha",516790,470343,"UKESM1-0-LL"
"Opuntia strigil",68025,32396,"UKESM1-0-LL"
"Opuntia tapona",31621,29702,"GFDL-ESM4"
"Opuntia tehuacana",12571,4072,"GFDL-ESM4"
"Opuntia tomentosa",632868,612090,"MPI-ESM1-2-HR"
"Opuntia tortispina",980725,929270,"UKESM1-0-LL"
"Opuntia velutina",343629,303044,"MPI-ESM1-2-HR"
"Opuntia wilcoxii",576847,541858,"GFDL-ESM4"
"Opuntia x debreczyi",392405,312321,"UKESM1-0-LL"
"Opuntia x vaseyi",33323,18048,"GFDL-ESM4"
"Oreocereus celsianus",86735,37094,"MPI-ESM1-2-HR"
"Oreocereus fossulatus",23083,3741,"GFDL-ESM4"
"Oreocereus hempelianus",389375,321119,"UKESM1-0-LL"
"Oreocereus leucotrichus",652244,529386,"MPI-ESM1-2-HR"
"Oreocereus trollii",121514,56992,"UKESM1-0-LL"
"Oroya peruviana",53733,37866,"UKESM1-0-LL"
"Pachycereus pecten-aboriginum",467270,412618,"GFDL-ESM4"
"Pachycereus pringlei",150941,139423,"UKESM1-0-LL"
"Pachycereus weberi",126528,83486,"MPI-ESM1-2-HR"
"Parodia erinacea",533756,484143,"UKESM1-0-LL"
"Parodia horrida",27340,16953,"UKESM1-0-LL"
"Parodia langsdorfii",59290,38723,"MPI-ESM1-2-HR"
"Parodia maassii",96042,51478,"GFDL-ESM4"
"Parodia mammulosa",916521,855166,"UKESM1-0-LL"
"Parodia microsperma",152558,89869,"GFDL-ESM4"
"Parodia ottonis",540138,479450,"MPI-ESM1-2-HR"
"Parodia stuemeri",41169,18795,"UKESM1-0-LL"
"Pediocactus simpsonii",1014767,904368,"GFDL-ESM4"
"Pelecyphora alversonii",58443,19436,"GFDL-ESM4"
"Pelecyphora aselliformis",21717,6789,"UKESM1-0-LL"
"Pelecyphora chihuahuensis",141192,89874,"MPI-ESM1-2-HR"
"Pelecyphora dasyacantha",698592,599189,"UKESM1-0-LL"
"Pelecyphora emskoetteriana",172498,127690,"GFDL-ESM4"
"Pelecyphora macromeris",593907,533256,"GFDL-ESM4"
"Pelecyphora missouriensis",2439701,2310968,"GFDL-ESM4"
"Pelecyphora sneedii",249358,197275,"MPI-ESM1-2-HR"
"Pelecyphora strobiliformis",47329,18653,"MPI-ESM1-2-HR"
"Pelecyphora tuberculosa",449098,357180,"MPI-ESM1-2-HR"
"Pelecyphora vivipara",3257785,3131757,"UKESM1-0-LL"
"Peniocereus greggii",720093,659156,"UKESM1-0-LL"
"Peniocereus johnstonii",21628,12993,"UKESM1-0-LL"
"Peniocereus striatus",170199,144301,"GFDL-ESM4"
"Peniocereus viperinus",30626,15652,"UKESM1-0-LL"
"Pereskia aculeata",3064432,3012053,"MPI-ESM1-2-HR"
"Pereskia bahiensis",451723,343691,"GFDL-ESM4"
"Pereskia diaz-romeroana",13109,4711,"GFDL-ESM4"
"Pereskia grandifolia",2425881,2317232,"GFDL-ESM4"
"Pereskia horrida",56598,21895,"GFDL-ESM4"
"Pereskia weberiana",34795,18609,"UKESM1-0-LL"
"Pereskiopsis aquosa",139646,124706,"UKESM1-0-LL"
"Pereskiopsis blakeana",26519,16503,"MPI-ESM1-2-HR"
"Pereskiopsis kellermanii",59225,33078,"GFDL-ESM4"
"Pereskiopsis porteri",76248,56426,"MPI-ESM1-2-HR"
"Pereskiopsis rotundifolia",104819,88064,"UKESM1-0-LL"
"Pfeiffera ianthothele",293886,194751,"UKESM1-0-LL"
"Pfeiffera monacantha",181845,74988,"MPI-ESM1-2-HR"
"Pilosocereus arrabidae",9436,7355,"UKESM1-0-LL"
"Pilosocereus aurisetus",117069,97131,"GFDL-ESM4"
"Pilosocereus chrysacanthus",98852,61761,"MPI-ESM1-2-HR"
"Pilosocereus chrysostele",302357,224032,"MPI-ESM1-2-HR"
"Pilosocereus collinsii",15556,6523,"MPI-ESM1-2-HR"
"Pilosocereus colombianus",96512,79893,"UKESM1-0-LL"
"Pilosocereus fulvilanatus",46678,31122,"MPI-ESM1-2-HR"
"Pilosocereus gaumeri",36015,20060,"UKESM1-0-LL"
"Pilosocereus leucocephalus",944046,842416,"MPI-ESM1-2-HR"
"Pilosocereus pachycladus",1066563,1008187,"GFDL-ESM4"
"Pilosocereus pentaedrophorus",448579,419123,"MPI-ESM1-2-HR"
"Pilosocereus polygonus",83194,78053,"MPI-ESM1-2-HR"
"Pilosocereus purpusii",560088,506571,"GFDL-ESM4"
"Pilosocereus vilaboensis",67325,37273,"MPI-ESM1-2-HR"
"Polaskia chende",34325,12811,"UKESM1-0-LL"
"Polaskia chichipe",34768,7974,"GFDL-ESM4"
"Pseudorhipsalis amazonica",2048590,2023691,"MPI-ESM1-2-HR"
"Pseudorhipsalis himantoclada",10257,6745,"MPI-ESM1-2-HR"
"Pterocereus gaumeri",39638,18518,"GFDL-ESM4"
"Quiabentia verticillata",333451,286179,"GFDL-ESM4"
"Quiabentia zehntneri",216887,167684,"GFDL-ESM4"
"Rapicactus beguinii",96425,56773,"GFDL-ESM4"
"Rauhocereus riosaniensis",73321,33262,"UKESM1-0-LL"
"Rebutia minuscula",32632,10697,"UKESM1-0-LL"
"Rebutia ritteri",29189,12474,"MPI-ESM1-2-HR"
"Rhipsalidopsis gaertneri",89264,57196,"UKESM1-0-LL"
"Rhipsalis campos-portoana",159280,135926,"GFDL-ESM4"
"Rhipsalis cereuscula",2502967,2464369,"MPI-ESM1-2-HR"
"Rhipsalis clavata",97155,78936,"UKESM1-0-LL"
"Rhipsalis elliptica",250104,219848,"UKESM1-0-LL"
"Rhipsalis floccosa",3066474,2981263,"UKESM1-0-LL"
"Rhipsalis hileiabaiana",89157,49986,"UKESM1-0-LL"
"Rhipsalis juengeri",91953,76670,"MPI-ESM1-2-HR"
"Rhipsalis lindbergiana",799441,752115,"GFDL-ESM4"
"Rhipsalis neves-armondii",287808,260979,"GFDL-ESM4"
"Rhipsalis oblonga",187532,164453,"UKESM1-0-LL"
"Rhipsalis pachyptera",171764,141240,"UKESM1-0-LL"
"Rhipsalis paradoxa",473924,429120,"GFDL-ESM4"
"Rhipsalis pulchra",30559,24643,"MPI-ESM1-2-HR"
"Rhipsalis puniceodiscus",204203,178364,"UKESM1-0-LL"
"Rhipsalis teres",577214,480961,"GFDL-ESM4"
"Rhipsalis trigonoides",68982,45502,"UKESM1-0-LL"
"Rhipsalis tucumanensis",182476,132605,"UKESM1-0-LL"
"Sclerocactus brevihamatus",222393,137590,"MPI-ESM1-2-HR"
"Sclerocactus cloverae",27671,13246,"UKESM1-0-LL"
"Sclerocactus erectocentrus",97756,39642,"MPI-ESM1-2-HR"
"Sclerocactus intertextus",397091,343466,"GFDL-ESM4"
"Sclerocactus johnsonii",193491,135171,"GFDL-ESM4"
"Sclerocactus papyracanthus",157444,101897,"UKESM1-0-LL"
"Sclerocactus parviflorus",204413,163641,"MPI-ESM1-2-HR"
"Sclerocactus polyancistrus",78756,59738,"UKESM1-0-LL"
"Sclerocactus scheeri",305644,260913,"GFDL-ESM4"
"Sclerocactus unguispinus",150271,119326,"GFDL-ESM4"
"Sclerocactus warnockii",70206,43865,"UKESM1-0-LL"
"Sclerocactus whipplei",53136,24802,"GFDL-ESM4"
"Sclerocactus wrightiae",10357,3316,"GFDL-ESM4"
"Selenicereus costaricensis",47605,37011,"UKESM1-0-LL"
"Selenicereus monacanthus",135132,109340,"GFDL-ESM4"
"Selenicereus ocamponis",504822,430024,"GFDL-ESM4"
"Selenicereus setaceus",4588554,4524979,"MPI-ESM1-2-HR"
"Selenicereus spinulosus",429898,354935,"MPI-ESM1-2-HR"
"Selenicereus triangularis",65306,57429,"UKESM1-0-LL"
"Selenicereus vagans",549581,523044,"UKESM1-0-LL"
"Soehrensia candicans",485271,390890,"GFDL-ESM4"
"Soehrensia formosa",363431,315373,"MPI-ESM1-2-HR"
"Soehrensia schickendantzii",142857,96025,"MPI-ESM1-2-HR"
"Soehrensia strigosa",153018,98548,"UKESM1-0-LL"
"Soehrensia tarijensis",254290,221939,"GFDL-ESM4"
"Soehrensia volliana",60588,37698,"UKESM1-0-LL"
"Stenocactus coptonogonus",82961,47811,"MPI-ESM1-2-HR"
"Stenocactus crispatus",203093,135115,"MPI-ESM1-2-HR"
"Stenocactus dichroacanthus",189146,128792,"UKESM1-0-LL"
"Stenocactus lamellosus",86344,69056,"MPI-ESM1-2-HR"
"Stenocactus multicostatus",266071,221921,"GFDL-ESM4"
"Stenocactus ochoterenianus",106524,61193,"UKESM1-0-LL"
"Stenocactus pentacanthus",127517,94797,"MPI-ESM1-2-HR"
"Stenocactus phyllacanthus",138445,89320,"MPI-ESM1-2-HR"
"Stenocereus alamosensis",118678,90841,"UKESM1-0-LL"
"Stenocereus beneckei",34604,14572,"UKESM1-0-LL"
"Stenocereus chacalapensis",7966,2996,"MPI-ESM1-2-HR"
"Stenocereus eruca",8747,6441,"MPI-ESM1-2-HR"
"Stenocereus fricii",8640,8143,"UKESM1-0-LL"
"Stenocereus griseus",1509846,1421094,"UKESM1-0-LL"
"Stenocereus gummosus",113003,107466,"MPI-ESM1-2-HR"
"Stenocereus heptagonus",45500,43627,"UKESM1-0-LL"
"Stenocereus huastecorum",206269,168305,"MPI-ESM1-2-HR"
"Stenocereus kerberi",50061,32652,"GFDL-ESM4"
"Stenocereus martinezii",27670,15913,"GFDL-ESM4"
"Stenocereus montanus",129696,123890,"UKESM1-0-LL"
"Stenocereus pruinosus",364905,304682,"UKESM1-0-LL"
"Stenocereus queretaroensis",251569,227136,"GFDL-ESM4"
"Stenocereus standleyi",76173,58622,"MPI-ESM1-2-HR"
"Stenocereus stellatus",88157,56046,"GFDL-ESM4"
"Stenocereus thurberi",312753,298102,"GFDL-ESM4"
"Stenocereus treleasei",47661,24106,"GFDL-ESM4"
"Stephanocereus leucostele",258130,182787,"UKESM1-0-LL"
"Stephanocereus luetzelburgii",98074,39526,"MPI-ESM1-2-HR"
"Stetsonia coryne",1362320,1257805,"UKESM1-0-LL"
"Strombocactus disciformis",25361,7186,"MPI-ESM1-2-HR"
"Tacinga funalis",255521,210163,"GFDL-ESM4"
"Tacinga inamoena",987183,948729,"UKESM1-0-LL"
"Tacinga palmadora",727040,664036,"MPI-ESM1-2-HR"
"Tacinga saxatilis",134107,82712,"GFDL-ESM4"
"Tacinga subcylindrica",340309,276412,"UKESM1-0-LL"
"Tephrocactus alexanderi",134939,85821,"UKESM1-0-LL"
"Tephrocactus aoracanthus",95956,30495,"MPI-ESM1-2-HR"
"Tephrocactus verschaffeltii",264420,180727,"MPI-ESM1-2-HR"
"Tephrocactus weberi",69826,46350,"MPI-ESM1-2-HR"
"Thelocactus bicolor",591326,513574,"GFDL-ESM4"
"Thelocactus buekii",20029,3462,"UKESM1-0-LL"
"Thelocactus conothelos",102997,40204,"GFDL-ESM4"
"Thelocactus hexaedrophorus",115989,92407,"GFDL-ESM4"
"Thelocactus leucacanthus",27757,9009,"GFDL-ESM4"
"Thelocactus rinconensis",80349,38637,"UKESM1-0-LL"
"Thelocactus setispinus",349512,280196,"GFDL-ESM4"
"Thelocactus tulensis",37725,11407,"GFDL-ESM4"
"Trichocereus bridgesii",92858,53892,"GFDL-ESM4"
"Trichocereus cuzcoensis",146716,102158,"UKESM1-0-LL"
"Trichocereus macrogonus",1291259,1209350,"UKESM1-0-LL"
"Trichocereus tacaquirensis",73302,28394,"GFDL-ESM4"
"Turbinicarpus pseudopectinatus",43680,17094,"UKESM1-0-LL"
"Turbinicarpus valdezianus",35970,9488,"MPI-ESM1-2-HR"
"Uebelmannia pectinifera",40159,8812,"GFDL-ESM4"
"Weberbauerocereus cuzcoensis",90929,35924,"UKESM1-0-LL"
"Weberbauerocereus weberbaueri",41265,18960,"GFDL-ESM4"
"Weingartia fidana",37011,11475,"UKESM1-0-LL"
"Weingartia neocumingii",36918,22684,"MPI-ESM1-2-HR"
"Xiquexique gounellei",957392,929830,"UKESM1-0-LL"
"Xiquexique tuberculatus",248607,222105,"UKESM1-0-LL"
